
CREATE TABLE Moj_user (
    Userid INT NOT NULL ,
    signup_time datetime ,
    handle VARCHAR(25),
    date_of_birth date,
    gender varchar(5),
    PRIMARY KEY(Userid)
  
);

INSERT INTO Moj_user
VALUES
	(259235535, '2021-01-04 12:43:53', 'ArjunSaluja', '2000-09-12','M'),
	(678493443, '2018-09-30 16:32:55', 'NatashaArora', '1996-10-23','F'),
	(108493343, '2021-09-20 18:32:25', 'MouniRoy', '1990-10-13','F'),
	(118492433, '2020-05-10 11:22:43', 'Ericagd', '2010-03-16','F'),
	(1183333, '2020-05-10 12:22:43', 'Minor', '2006-03-16','F'),
	(150, '2021-02-10 12:21:43', 'Minor2', '2006-03-18','F'),
	(154555, '2020-05-10 11:22:43', 'Alexia', '2000-03-19','F'),
    (128492433, '2021-09-20 10:18:17', 'simpson', '2001-09-10','M'),
	(11, '2021-08-20 10:18:17', 'Charlie', '2000-09-10','M'),
	(12, '2021-07-20 10:18:17', 'Shakira', '2000-01-11','F'),
	(13, '2021-06-20 10:18:17', 'Max', '2001-09-10','M'),
	(14, '2021-06-29 14:18:17', 'Layla', '1992-10-10','F'),
	(15, '2021-06-24 14:18:17', 'maya', '2002-10-10','F'),
	(16, '2021-06-25 13:18:17', 'lily', '2001-11-10','F'),
	(17, '2021-06-22 13:18:17', 'pam', '2001-08-10','F')
;

CREATE TABLE Follow (
    Userid INT NOT NULL ,
    Followerid INT NOT NULL,
    follow_time datetime ,
	foreign key (userid) references moj_user(userid)
	

);

INSERT INTO Follow
VALUES
	(678493443, 11, '2021-06-20 12:18:17'),
	(678493443, 12, '2021-06-21 11:18:17'),
	(678493443, 13, '2021-06-22 10:18:17'),
	(678493443, 14,  '2021-06-23 09:18:17'),
	(678493443, 108493343,  '2021-06-24 09:18:17'),
	(678493443, 118492433,  '2021-06-25 09:18:17'),
	(678493443, 259235535,  '2021-06-26 09:18:17'),
	(678493443, 17,  '2021-09-26 09:18:17'),
	(108493343, 11, '2021-06-20 12:18:17'),
	(108493343, 12, '2021-06-21 11:18:17'),
	(108493343, 13, '2021-06-22 10:18:17'),
	(108493343, 14,  '2021-06-23 09:18:17'),
	(108493343, 118492433,  '2021-06-25 09:18:17'),
	(108493343, 259235535,  '2021-06-26 09:18:17'),
	(108493343, 678493443,  '2021-06-27 09:18:17'),
	(108493343, 128492433,  '2021-06-28 09:18:17'),
	(108493343, 1183333,  '2021-06-29 09:18:17'),
	(108493343, 150,  '2021-06-30 09:28:19'),
	(108493343, 15,  '2021-07-30 09:28:19'),
	(108493343, 16,  '2021-05-30 09:28:19'),
	(154555, 11, '2021-06-20 12:18:17'),
	(154555, 12, '2021-06-21 11:18:17'),
	(154555, 13, '2021-06-22 10:18:17'),
	(154555, 14,  '2021-06-23 09:18:17')
		
;	


CREATE TABLE Unfollow (
    Userid INT NOT NULL ,
    Followerid INT NOT NULL,
    Unfollow_time datetime ,
	foreign key (userid) references moj_user(userid)

);

INSERT INTO Unfollow
VALUES
	(678493443, 259235535, '2022-02-20 12:18:17'),
	(108493343, 12, '2022-02-20 12:18:17')


;